{"Custom Name 0":{"Transform":{"Position":{"X":-16.90646743774414,"Y":0.0,"Z":-2.0},"Rotation":{"X":0.0,"Y":-0.0,"Z":0.0},"Scale":{"X":1.0,"Y":1.0,"Z":1.0}}},"Custom Name 1":{"Transform":{"Position":{"X":-12.0,"Y":0.0,"Z":-2.0},"Rotation":{"X":0.0,"Y":-0.0,"Z":0.0},"Scale":{"X":2.5799999237060547,"Y":2.5799999237060547,"Z":2.5799999237060547}}},"Custom Name 2":{"Transform":{"Position":{"X":-8.427978515625,"Y":0.0,"Z":6.214284420013428},"Rotation":{"X":0.0,"Y":-0.0,"Z":0.0},"Scale":{"X":1.0,"Y":1.0,"Z":1.0}}},"Custom Name 3":{"Transform":{"Position":{"X":-6.0,"Y":0.0,"Z":-2.0},"Rotation":{"X":0.0,"Y":0.0,"Z":0.0},"Scale":{"X":1.0,"Y":1.0,"Z":1.0}}},"Custom Name 4":{"Transform":{"Position":{"X":-5.659097671508789,"Y":6.840062141418457,"Z":-2.0},"Rotation":{"X":-1.7247775793075562,"Y":-26.148147583007813,"Z":-35.46390914916992},"Scale":{"X":0.9999991655349731,"Y":0.9999980330467224,"Z":0.9999997615814209}}},"Custom Name 5":{"Transform":{"Position":{"X":0.0,"Y":0.0,"Z":2.110131025314331},"Rotation":{"X":0.0,"Y":-0.0,"Z":0.0},"Scale":{"X":1.0,"Y":1.0,"Z":1.0}}},"Custom Name 6":{"Transform":{"Position":{"X":3.0,"Y":0.0,"Z":-2.0},"Rotation":{"X":0.0,"Y":-0.0,"Z":0.0},"Scale":{"X":1.0,"Y":1.0,"Z":1.0}}},"Custom Name 7":{"Transform":{"Position":{"X":7.560942649841309,"Y":3.539010524749756,"Z":-2.0},"Rotation":{"X":0.0,"Y":-0.0,"Z":0.0},"Scale":{"X":1.0,"Y":1.0,"Z":2.5802114009857178}}},"Custom Name 8":{"Transform":{"Position":{"X":9.0,"Y":0.0,"Z":-2.0},"Rotation":{"X":48.54413604736328,"Y":-33.76297378540039,"Z":2.2839667508378625e-05},"Scale":{"X":0.9999998211860657,"Y":0.9999998807907104,"Z":0.9999998807907104}}},"Custom Name 9":{"Transform":{"Position":{"X":12.0,"Y":0.0,"Z":-2.0},"Rotation":{"X":0.0,"Y":0.0,"Z":0.0},"Scale":{"X":1.0,"Y":1.0,"Z":1.0}}},"Entity 11":{"Transform":{"Position":{"X":2.0,"Y":2.0,"Z":0.0},"Rotation":{"X":0.0,"Y":0.0,"Z":0.0},"Scale":{"X":0.20000000298023224,"Y":0.20000000298023224,"Z":0.20000000298023224}}}}